{   
    "Time": 24.080000000001,
    "Slider_value": 402.0,
    "State": 1.0,
    "ECG": -6.2757706642151,
    "GSR": 4.0448570251465, 
    "Ego_Acceleration_y": 0.00025093204743257, 
    "Ego_Acceleration_x": -1.2717336092375, 
    "Vehicle.Acceleration Vertical": 9.811915407786, 
    "Vehicle.COG Position Track X": 185.54672241211, 
    "Vehicle.COG Position Track Y": 0.00021162080520298, 
    "Vehicle.COG Position Track Z": 0.51670145988464, 
    "Vehicle.Engine.Engine Speed": 1616.3697618211, 
    "Vehicle.Engine.Engine Torque": -14.267652740721, 
    "Vehicle.Heading": 0.00030410975437988, 
    "Ego_VehicleSpeed": 13.068778767803, 
    "Ego_YawRate": 0.0020556727774618, 
    "ScenarioID": 2.0, 
    "overall_simtime": 90.0, 
    "dt": 0.01, 
    "numSteps": 78.0, 
    "Repitetion_ID": 1.0, 
    "Maneuvre_ID": 3.0, 
    "Subject_ID": 4181.0, 
    "simTime": 1.0, 
    "SimuTime": 24.0, 
    "TOF_Distance_x": 200.0
}
